{
    "data": "06/02/2023",
    "avg_rtt": 14.744800000000003,
    "min_rtt": 0.555,
    "max_rtt": 251.225,
    "std_dev": 24.45100130928519
}